from_unit,to_unit,factor,version,is_exact,source_needed,notes
kWh,kWh,1.000000,v1.0,true,false,Canonical electricity unit identity
MWh,kWh,1000.000000,v1.0,true,false,Standard SI prefix conversion
MJ,kWh,0.277778,v1.0,true,false,1 kWh = 3.6 MJ (exact reciprocal 1/3.6)
GJ,kWh,277.777778,v1.0,true,false,1 GJ = 1000 MJ
litre,litre,1.000000,v1.0,true,false,Canonical liquid fuel volume unit identity
gallon_us,litre,3.785412,v1.0,true,false,US liquid gallon standard definition
gallon_uk,litre,4.546090,v1.0,true,false,Imperial gallon standard definition
barrel_oil,litre,158.987295,v1.0,true,false,Standard petroleum barrel (42 US gallons)
kg,kg,1.000000,v1.0,true,false,Canonical mass unit identity
ton_metric,kg,1000.000000,v1.0,true,false,Metric tonne standard definition
ton_short,kg,907.184740,v1.0,true,false,US short ton (2000 lbs) standard definition
ton_long,kg,1016.046909,v1.0,true,false,UK long ton (2240 lbs) standard definition
pound_lb,kg,0.453592,v1.0,true,false,Avoirdupois pound standard definition
m3,m3,1.000000,v1.0,true,false,Canonical gas volume unit identity
cft_100,m3,2.831685,v1.0,true,false,100 cubic feet (standard Bangladeshi gas billing unit)
cft,m3,0.028317,v1.0,true,false,1 cubic foot to cubic metre
litre_lpg,m3,0.003780,v1.0,false,true,Liquid to gas expansion ratio requires expert source validation
tonne-km,tonne-km,1.000000,v1.0,true,false,Canonical freight transport work unit identity
ton_mile,tonne-km,1.459972,v1.0,true,false,US short ton-mile to metric tonne-kilometre
